linguagem1,tempo1,tamanhoArray,filePath,linguagem2,tempo2,tamanhoArray,filePath,porcentagem
C,1.94e-05,100,random1.txt,Rust,1.56582e-05,100,random1.txt,23.896744197928257
C,1.94e-05,100,random1.txt,Python,0.0001388788,100,random1.txt,-86.03098529077153
C,0.0002567,1000,random1.txt,Rust,0.0001318095,1000,random1.txt,94.75075772231897
C,0.0002567,1000,random1.txt,Python,0.0016703606,1000,random1.txt,-84.63206088553574
C,0.002922,10000,random1.txt,Rust,0.0015563045,10000,random1.txt,87.75246103831223
C,0.002922,10000,random1.txt,Python,0.0212305784,10000,random1.txt,-86.23683281280739
C,0.0374432,100000,random1.txt,Rust,0.0180342764,100000,random1.txt,107.62241394947236
C,0.0374432,100000,random1.txt,Python,0.2374653101,100000,random1.txt,-84.23213900833257
C,0.157279,500000,random1.txt,Rust,0.0967334441,500000,random1.txt,62.59009638632313
C,0.157279,500000,random1.txt,Python,1.3776881218,500000,random1.txt,-88.58384582756588
C,0.3319595,1000000,random1.txt,Rust,0.1817470917,1000000,random1.txt,82.64914001922376
C,0.3319595,1000000,random1.txt,Python,3.0579940081,1000000,random1.txt,-89.14453399448439
C++,3.16743e-05,100,random1.txt,Rust,1.56582e-05,100,random1.txt,102.28570333754841
C++,3.16743e-05,100,random1.txt,Python,0.0001388788,100,random1.txt,-77.19284728842702
C++,3.16743e-05,100,random1.txt,C,1.94e-05,100,random1.txt,63.269587628865985
C++,0.0003382187,1000,random1.txt,Rust,0.0001318095,1000,random1.txt,156.59660343146743
C++,0.0003382187,1000,random1.txt,Python,0.0016703606,1000,random1.txt,-79.75175539940298
C++,0.0003382187,1000,random1.txt,C,0.0002567,1000,random1.txt,31.756408258667708
C++,0.0039549278,10000,random1.txt,Rust,0.0015563045,10000,random1.txt,154.1230074191779
C++,0.0039549278,10000,random1.txt,Python,0.0212305784,10000,random1.txt,-81.371549443985
C++,0.0039549278,10000,random1.txt,C,0.002922,10000,random1.txt,35.35002737850786
C++,0.0453343848,100000,random1.txt,Rust,0.0180342764,100000,random1.txt,151.37900625721807
C++,0.0453343848,100000,random1.txt,Python,0.2374653101,100000,random1.txt,-80.90904950246878
C++,0.0453343848,100000,random1.txt,C,0.0374432,100000,random1.txt,21.075081189641907
C++,0.2368058617,500000,random1.txt,Rust,0.0967334441,500000,random1.txt,144.80247126856926
C++,0.2368058617,500000,random1.txt,Python,1.3776881218,500000,random1.txt,-82.81135926536084
C++,0.2368058617,500000,random1.txt,C,0.157279,500000,random1.txt,50.56419591935351
C++,0.4891753953,1000000,random1.txt,Rust,0.1817470917,1000000,random1.txt,169.15170456067327
C++,0.4891753953,1000000,random1.txt,Python,3.0579940081,1000000,random1.txt,-84.00338934594788
C++,0.4891753953,1000000,random1.txt,C,0.3319595,1000000,random1.txt,47.35996267616982
C#,0.03745095,100,random1.txt,Rust,1.56582e-05,100,random1.txt,239077.87485151552
C#,0.03745095,100,random1.txt,Python,0.0001388788,100,random1.txt,26866.642856937124
C#,0.03745095,100,random1.txt,Java,0.0014870696,100,random1.txt,2418.4396211179355
C#,0.03832115,1000,random1.txt,Rust,0.0001318095,1000,random1.txt,28973.132058007955
C#,0.03832115,1000,random1.txt,Python,0.0016703606,1000,random1.txt,2194.1842617695843
C#,0.03832115,1000,random1.txt,Java,0.0064810721,1000,random1.txt,491.27794612869684
C#,0.04294148,10000,random1.txt,Rust,0.0015563045,10000,random1.txt,2659.195260310562
C#,0.04294148,10000,random1.txt,Python,0.0212305784,10000,random1.txt,102.2624122195371
C#,0.04294148,10000,random1.txt,Java,0.0175658865,10000,random1.txt,144.45950962964494
C#,0.1106516,100000,random1.txt,Rust,0.0180342764,100000,random1.txt,513.5627376765723
C#,0.1106516,100000,random1.txt,Python,0.2374653101,100000,random1.txt,-53.403046553029974
C#,0.1106516,100000,random1.txt,Java,0.157430085,100000,random1.txt,-29.713815501020658
C#,0.3413687,500000,random1.txt,Rust,0.0967334441,500000,random1.txt,252.8962533858546
C#,0.3413687,500000,random1.txt,Python,1.3776881218,500000,random1.txt,-75.22162711586789
C#,0.3413687,500000,random1.txt,Java,0.4540201149,500000,random1.txt,-24.811987663765063
C#,0.62772576,1000000,random1.txt,Rust,0.1817470917,1000000,random1.txt,245.3842117243629
C#,0.62772576,1000000,random1.txt,Python,3.0579940081,1000000,random1.txt,-79.47262949707282
C#,0.62772576,1000000,random1.txt,Java,0.8559624321,1000000,random1.txt,-26.6643328656433
Rust,1.56582e-05,100,random1.txt,Python,0.0001388788,100,random1.txt,-88.72527700412157
Rust,0.0001318095,1000,random1.txt,Python,0.0016703606,1000,random1.txt,-92.10891947523187
Rust,0.0015563045,10000,random1.txt,Python,0.0212305784,10000,random1.txt,-92.6695143642436
Rust,0.0180342764,100000,random1.txt,Python,0.2374653101,100000,random1.txt,-92.40551119133758
Rust,0.0967334441,500000,random1.txt,Python,1.3776881218,500000,random1.txt,-92.97856731365192
Rust,0.1817470917,1000000,random1.txt,Python,3.0579940081,1000000,random1.txt,-94.05665638262897
Java,0.0014870696,100,random1.txt,Rust,1.56582e-05,100,random1.txt,9397.066074005952
Java,0.0014870696,100,random1.txt,Python,0.0001388788,100,random1.txt,970.7678925797168
Java,0.0064810721,1000,random1.txt,Rust,0.0001318095,1000,random1.txt,4816.999229949283
Java,0.0064810721,1000,random1.txt,Python,0.0016703606,1000,random1.txt,288.00436863752645
Java,0.0175658865,10000,random1.txt,Rust,0.0015563045,10000,random1.txt,1028.6921357613498
Java,0.0175658865,10000,random1.txt,Python,0.0212305784,10000,random1.txt,-17.261385116102158
Java,0.157430085,100000,random1.txt,Rust,0.0180342764,100000,random1.txt,772.9492745270334
Java,0.157430085,100000,random1.txt,Python,0.2374653101,100000,random1.txt,-33.703965040744706
Java,0.4540201149,500000,random1.txt,Rust,0.0967334441,500000,random1.txt,369.3517522550404
Java,0.4540201149,500000,random1.txt,Python,1.3776881218,500000,random1.txt,-67.04478265321718
Java,0.8559624321,1000000,random1.txt,Rust,0.1817470917,1000000,random1.txt,370.96348232789904
Java,0.8559624321,1000000,random1.txt,Python,3.0579940081,1000000,random1.txt,-72.00902193291645
JavaScript,0.0004380183,100,random1.txt,Rust,1.56582e-05,100,random1.txt,2697.3732612944013
JavaScript,0.0004380183,100,random1.txt,Python,0.0001388788,100,random1.txt,215.396086371714
JavaScript,0.0004380183,100,random1.txt,Java,0.0014870696,100,random1.txt,-70.54486891534867
JavaScript,0.0024974944,1000,random1.txt,Rust,0.0001318095,1000,random1.txt,1794.7757179869434
JavaScript,0.0024974944,1000,random1.txt,Python,0.0016703606,1000,random1.txt,49.51827767010308
JavaScript,0.0024974944,1000,random1.txt,Java,0.0064810721,1000,random1.txt,-61.46479530755412
JavaScript,0.045545918,10000,random1.txt,Rust,0.0015563045,10000,random1.txt,2826.5428455678175
JavaScript,0.045545918,10000,random1.txt,Python,0.0212305784,10000,random1.txt,114.52980291860537
JavaScript,0.045545918,10000,random1.txt,Java,0.0175658865,10000,random1.txt,159.28619087912244
JavaScript,0.0500490006,100000,random1.txt,Rust,0.0180342764,100000,random1.txt,177.5215344930612
JavaScript,0.0500490006,100000,random1.txt,Python,0.2374653101,100000,random1.txt,-78.92365812129626
JavaScript,0.0500490006,100000,random1.txt,Java,0.157430085,100000,random1.txt,-68.20874447218903
JavaScript,0.2081843983,500000,random1.txt,Rust,0.0967334441,500000,random1.txt,115.21450025576003
JavaScript,0.2081843983,500000,random1.txt,Python,1.3776881218,500000,random1.txt,-84.88885873328141
JavaScript,0.2081843983,500000,random1.txt,Java,0.4540201149,500000,random1.txt,-54.146437246320346
JavaScript,0.4272415732,1000000,random1.txt,Rust,0.1817470917,1000000,random1.txt,135.07477847580876
JavaScript,0.4272415732,1000000,random1.txt,Python,3.0579940081,1000000,random1.txt,-86.02869815740893
JavaScript,0.4272415732,1000000,random1.txt,Java,0.8559624321,1000000,random1.txt,-50.086410667368355
PHP,8.31842e-05,100,random1.txt,Rust,1.56582e-05,100,random1.txt,431.25007983037636
PHP,8.31842e-05,100,random1.txt,Python,0.0001388788,100,random1.txt,-40.10302508374208
PHP,0.0009050846,1000,random1.txt,Rust,0.0001318095,1000,random1.txt,586.6611283708686
PHP,0.0009050846,1000,random1.txt,Python,0.0016703606,1000,random1.txt,-45.81501742797334
PHP,0.0115415335,10000,random1.txt,Rust,0.0015563045,10000,random1.txt,641.5986717252312
PHP,0.0115415335,10000,random1.txt,Python,0.0212305784,10000,random1.txt,-45.637215894221704
PHP,0.1285908222,100000,random1.txt,Rust,0.0180342764,100000,random1.txt,613.0356624677219
PHP,0.1285908222,100000,random1.txt,Python,0.2374653101,100000,random1.txt,-45.84858641211695
PHP,0.7064859152,500000,random1.txt,Rust,0.0967334441,500000,random1.txt,630.3429767988589
PHP,0.7064859152,500000,random1.txt,Python,1.3776881218,500000,random1.txt,-48.71945950459744
PHP,1.4903169155,1000000,random1.txt,Rust,0.1817470917,1000000,random1.txt,719.9949179709488
PHP,1.4903169155,1000000,random1.txt,Python,3.0579940081,1000000,random1.txt,-51.264884380006784
C,1.91e-05,100,random2.txt,Rust,1.40917e-05,100,random2.txt,35.54077932399924
C,1.91e-05,100,random2.txt,Python,0.0001549721,100,random2.txt,-87.67520089099908
C,0.0002427,1000,random2.txt,Rust,0.0001274795,1000,random2.txt,90.38355186520182
C,0.0002427,1000,random2.txt,Python,0.0017381906,1000,random2.txt,-86.03720443546294
C,0.0029293,10000,random2.txt,Rust,0.0016717454,10000,random2.txt,75.22405026507028
C,0.0029293,10000,random2.txt,Python,0.0215052366,10000,random2.txt,-86.37866648721271
C,0.0355877,100000,random2.txt,Rust,0.018569269,100000,random2.txt,91.64836267922017
C,0.0355877,100000,random2.txt,Python,0.2433798075,100000,random2.txt,-85.37771051528176
C,0.1581728,500000,random2.txt,Rust,0.094227778,500000,random2.txt,67.86217754174359
C,0.1581728,500000,random2.txt,Python,1.3795440435,500000,random2.txt,-88.53441463175727
C,0.3352577,1000000,random2.txt,Rust,0.1833753958,1000000,random2.txt,82.8258903204505
C,0.3352577,1000000,random2.txt,Python,3.0549328566,1000000,random2.txt,-89.02569333804846
C++,3.19858e-05,100,random2.txt,Rust,1.40917e-05,100,random2.txt,126.98325964929712
C++,3.19858e-05,100,random2.txt,Python,0.0001549721,100,random2.txt,-79.36028485127324
C++,3.19858e-05,100,random2.txt,C,1.91e-05,100,random2.txt,67.4649214659686
C++,0.0003312767,1000,random2.txt,Rust,0.0001274795,1000,random2.txt,159.86664522531072
C++,0.0003312767,1000,random2.txt,Python,0.0017381906,1000,random2.txt,-80.94129032799971
C++,0.0003312767,1000,random2.txt,C,0.0002427,1000,random2.txt,36.49637412443346
C++,0.0038715578,10000,random2.txt,Rust,0.0016717454,10000,random2.txt,131.58776450050348
C++,0.0038715578,10000,random2.txt,Python,0.0215052366,10000,random2.txt,-81.99713924561053
C++,0.0038715578,10000,random2.txt,C,0.0029293,10000,random2.txt,32.166654149455496
C++,0.0454228169,100000,random2.txt,Rust,0.018569269,100000,random2.txt,144.61284340272093
C++,0.0454228169,100000,random2.txt,Python,0.2433798075,100000,random2.txt,-81.33665345264932
C++,0.0454228169,100000,random2.txt,C,0.0355877,100000,random2.txt,27.63628135563693
C++,0.2383181441,500000,random2.txt,Rust,0.094227778,500000,random2.txt,152.9170793988159
C++,0.2383181441,500000,random2.txt,Python,1.3795440435,500000,random2.txt,-82.72486150602556
C++,0.2383181441,500000,random2.txt,C,0.1581728,500000,random2.txt,50.66948558791397
C++,0.4945086464,1000000,random2.txt,Rust,0.1833753958,1000000,random2.txt,169.67011808898297
C++,0.4945086464,1000000,random2.txt,Python,3.0549328566,1000000,random2.txt,-83.81278183146829
C++,0.4945086464,1000000,random2.txt,C,0.3352577,1000000,random2.txt,47.50105557605388
C#,0.03744477,100,random2.txt,Rust,1.40917e-05,100,random2.txt,265622.1626915134
C#,0.03744477,100,random2.txt,Python,0.0001549721,100,random2.txt,24062.265336792883
C#,0.03744477,100,random2.txt,Java,0.0013823189,100,random2.txt,2608.837302304121
C#,0.03751254,1000,random2.txt,Rust,0.0001274795,1000,random2.txt,29326.331292482315
C#,0.03751254,1000,random2.txt,Python,0.0017381906,1000,random2.txt,2058.1373181974404
C#,0.03751254,1000,random2.txt,Java,0.0041949934,1000,random2.txt,794.2216690972623
C#,0.04275689,10000,random2.txt,Rust,0.0016717454,10000,random2.txt,2457.6197188878164
C#,0.04275689,10000,random2.txt,Python,0.0215052366,10000,random2.txt,98.82083045763838
C#,0.04275689,10000,random2.txt,Java,0.0153771937,10000,random2.txt,178.0539208529317
C#,0.11132838,100000,random2.txt,Rust,0.018569269,100000,random2.txt,499.53022383379766
C#,0.11132838,100000,random2.txt,Python,0.2433798075,100000,random2.txt,-54.257347335604244
C#,0.11132838,100000,random2.txt,Java,0.1633968453,100000,random2.txt,-31.866261067893458
C#,0.33939487,500000,random2.txt,Rust,0.094227778,500000,random2.txt,260.1855813685854
C#,0.33939487,500000,random2.txt,Python,1.3795440435,500000,random2.txt,-75.39804027286208
C#,0.33939487,500000,random2.txt,Java,0.4450530377,500000,random2.txt,-23.74057893100411
C#,0.63684839,1000000,random2.txt,Rust,0.1833753958,1000000,random2.txt,247.29216928021484
C#,0.63684839,1000000,random2.txt,Python,3.0549328566,1000000,random2.txt,-79.15344068449403
C#,0.63684839,1000000,random2.txt,Java,0.8650308063,1000000,random2.txt,-26.378530641701136
Rust,1.40917e-05,100,random2.txt,Python,0.0001549721,100,random2.txt,-90.9069438950624
Rust,0.0001274795,1000,random2.txt,Python,0.0017381906,1000,random2.txt,-92.66596540103255
Rust,0.0016717454,10000,random2.txt,Python,0.0215052366,10000,random2.txt,-92.2263333759369
Rust,0.018569269,100000,random2.txt,Python,0.2433798075,100000,random2.txt,-92.37025076535981
Rust,0.094227778,500000,random2.txt,Python,1.3795440435,500000,random2.txt,-93.16964337282502
Rust,0.1833753958,1000000,random2.txt,Python,3.0549328566,1000000,random2.txt,-93.99740012603456
Java,0.0013823189,100,random2.txt,Rust,1.40917e-05,100,random2.txt,9709.454501586042
Java,0.0013823189,100,random2.txt,Python,0.0001549721,100,random2.txt,791.9792014175456
Java,0.0041949934,1000,random2.txt,Rust,0.0001274795,1000,random2.txt,3190.719998117344
Java,0.0041949934,1000,random2.txt,Python,0.0017381906,1000,random2.txt,141.34254321706726
Java,0.0153771937,10000,random2.txt,Rust,0.0016717454,10000,random2.txt,819.8286832432738
Java,0.0153771937,10000,random2.txt,Python,0.0215052366,10000,random2.txt,-28.495584652158634
Java,0.1633968453,100000,random2.txt,Rust,0.018569269,100000,random2.txt,779.9314894948208
Java,0.1633968453,100000,random2.txt,Python,0.2433798075,100000,random2.txt,-32.86343391491095
Java,0.4450530377,500000,random2.txt,Rust,0.094227778,500000,random2.txt,372.3161759157687
Java,0.4450530377,500000,random2.txt,Python,1.3795440435,500000,random2.txt,-67.73912077711783
Java,0.8650308063,1000000,random2.txt,Rust,0.1833753958,1000000,random2.txt,371.72675621295093
Java,0.8650308063,1000000,random2.txt,Python,3.0549328566,1000000,random2.txt,-71.6841303261002
JavaScript,0.0004360645,100,random2.txt,Rust,1.40917e-05,100,random2.txt,2994.4776002895323
JavaScript,0.0004360645,100,random2.txt,Python,0.0001549721,100,random2.txt,181.38258434905381
JavaScript,0.0004360645,100,random2.txt,Java,0.0013823189,100,random2.txt,-68.45413167685112
JavaScript,0.0020232795,1000,random2.txt,Rust,0.0001274795,1000,random2.txt,1487.1410697406247
JavaScript,0.0020232795,1000,random2.txt,Python,0.0017381906,1000,random2.txt,16.401475189199623
JavaScript,0.0020232795,1000,random2.txt,Java,0.0041949934,1000,random2.txt,-51.769185143414056
JavaScript,0.0442308146,10000,random2.txt,Rust,0.0016717454,10000,random2.txt,2545.7865294559806
JavaScript,0.0442308146,10000,random2.txt,Python,0.0215052366,10000,random2.txt,105.67462438427671
JavaScript,0.0442308146,10000,random2.txt,Java,0.0153771937,10000,random2.txt,187.63905471256436
JavaScript,0.0529482806,100000,random2.txt,Rust,0.018569269,100000,random2.txt,185.13928361961908
JavaScript,0.0529482806,100000,random2.txt,Python,0.2433798075,100000,random2.txt,-78.2445876903736
JavaScript,0.0529482806,100000,random2.txt,Java,0.1633968453,100000,random2.txt,-67.59528588034496
JavaScript,0.2129082756,500000,random2.txt,Rust,0.094227778,500000,random2.txt,125.95064865054975
JavaScript,0.2129082756,500000,random2.txt,Python,1.3795440435,500000,random2.txt,-84.56676489575231
JavaScript,0.2129082756,500000,random2.txt,Java,0.4450530377,500000,random2.txt,-52.16114539959244
JavaScript,0.4350817597,1000000,random2.txt,Rust,0.1833753958,1000000,random2.txt,137.26288786011716
JavaScript,0.4350817597,1000000,random2.txt,Python,3.0549328566,1000000,random2.txt,-85.75805819234186
JavaScript,0.4350817597,1000000,random2.txt,Java,0.8650308063,1000000,random2.txt,-49.70332194746022
PHP,8.9407e-05,100,random2.txt,Rust,1.40917e-05,100,random2.txt,534.4656783780524
PHP,8.9407e-05,100,random2.txt,Python,0.0001549721,100,random2.txt,-42.307679898510756
PHP,0.0009284735,1000,random2.txt,Rust,0.0001274795,1000,random2.txt,628.3316141026596
PHP,0.0009284735,1000,random2.txt,Python,0.0017381906,1000,random2.txt,-46.58390742649281
PHP,0.0114111185,10000,random2.txt,Rust,0.0016717454,10000,random2.txt,582.587103275415
PHP,0.0114111185,10000,random2.txt,Python,0.0215052366,10000,random2.txt,-46.937954172520016
PHP,0.1301762581,100000,random2.txt,Rust,0.018569269,100000,random2.txt,601.0306011507507
PHP,0.1301762581,100000,random2.txt,Python,0.2433798075,100000,random2.txt,-46.51312307410712
PHP,0.7020223856,500000,random2.txt,Rust,0.094227778,500000,random2.txt,645.02699787742
PHP,0.7020223856,500000,random2.txt,Python,1.3795440435,500000,random2.txt,-49.11199907623681
PHP,1.4815742254,1000000,random2.txt,Rust,0.1833753958,1000000,random2.txt,707.9460272935918
PHP,1.4815742254,1000000,random2.txt,Python,3.0549328566,1000000,random2.txt,-51.502232783966186
C,1.95e-05,100,random3.txt,Rust,1.49098e-05,100,random3.txt,30.78646259507169
C,1.95e-05,100,random3.txt,Python,0.0001458645,100,random3.txt,-86.63142848328415
C,0.0002284,1000,random3.txt,Rust,0.0001303941,1000,random3.txt,75.16129947597324
C,0.0002284,1000,random3.txt,Python,0.0017585754,1000,random3.txt,-87.01221454593305
C,0.0028538,10000,random3.txt,Rust,0.0015670049,10000,random3.txt,82.11812866698759
C,0.0028538,10000,random3.txt,Python,0.0222806215,10000,random3.txt,-87.19156016361572
C,0.0347702,100000,random3.txt,Rust,0.017555721,100000,random3.txt,98.05623477383813
C,0.0347702,100000,random3.txt,Python,0.2445903063,100000,random3.txt,-85.78430988293015
C,0.1701557,500000,random3.txt,Rust,0.0973473056,500000,random3.txt,74.79240843004902
C,0.1701557,500000,random3.txt,Python,1.4753471851,500000,random3.txt,-88.46673503576267
C,0.3357925,1000000,random3.txt,Rust,0.1853398479,1000000,random3.txt,81.17663514063993
C,0.3357925,1000000,random3.txt,Python,3.0756306171,1000000,random3.txt,-89.08215771643549
C++,3.01009e-05,100,random3.txt,Rust,1.49098e-05,100,random3.txt,101.88667856040992
C++,3.01009e-05,100,random3.txt,Python,0.0001458645,100,random3.txt,-79.36379310935835
C++,3.01009e-05,100,random3.txt,C,1.95e-05,100,random3.txt,54.363589743589735
C++,0.0003284299,1000,random3.txt,Rust,0.0001303941,1000,random3.txt,151.8748164219087
C++,0.0003284299,1000,random3.txt,Python,0.0017585754,1000,random3.txt,-81.32409335420022
C++,0.0003284299,1000,random3.txt,C,0.0002284,1000,random3.txt,43.79592819614712
C++,0.0039332975,10000,random3.txt,Rust,0.0015670049,10000,random3.txt,151.00735166814093
C++,0.0039332975,10000,random3.txt,Python,0.0222806215,10000,random3.txt,-82.34655393252831
C++,0.0039332975,10000,random3.txt,C,0.0028538,10000,random3.txt,37.826669703553165
C++,0.043881065,100000,random3.txt,Rust,0.017555721,100000,random3.txt,149.9530779738411
C++,0.043881065,100000,random3.txt,Python,0.2445903063,100000,random3.txt,-82.05936054302248
C++,0.043881065,100000,random3.txt,C,0.0347702,100000,random3.txt,26.203084825511485
C++,0.2480068554,500000,random3.txt,Rust,0.0973473056,500000,random3.txt,154.76499207801393
C++,0.2480068554,500000,random3.txt,Python,1.4753471851,500000,random3.txt,-83.18993265417795
C++,0.2480068554,500000,random3.txt,C,0.1701557,500000,random3.txt,45.752893026798404
C++,0.5003887861,1000000,random3.txt,Rust,0.1853398479,1000000,random3.txt,169.9844592351152
C++,0.5003887861,1000000,random3.txt,Python,3.0756306171,1000000,random3.txt,-83.7305304701442
C++,0.5003887861,1000000,random3.txt,C,0.3357925,1000000,random3.txt,49.01726098706792
C#,0.03718696,100,random3.txt,Rust,1.49098e-05,100,random3.txt,249312.86938791937
C#,0.03718696,100,random3.txt,Python,0.0001458645,100,random3.txt,25394.181243551375
C#,0.03718696,100,random3.txt,Java,0.0013585701,100,random3.txt,2637.213192017107
C#,0.0387723,1000,random3.txt,Rust,0.0001303941,1000,random3.txt,29634.704254256907
C#,0.0387723,1000,random3.txt,Python,0.0017585754,1000,random3.txt,2104.7561907211943
C#,0.0387723,1000,random3.txt,Java,0.004269861,1000,random3.txt,808.0459527839432
C#,0.04286486,10000,random3.txt,Rust,0.0015670049,10000,random3.txt,2635.4643243298087
C#,0.04286486,10000,random3.txt,Python,0.0222806215,10000,random3.txt,92.38628509532374
C#,0.04286486,10000,random3.txt,Java,0.0199418136,10000,random3.txt,114.9496573370839
C#,0.11354604,100000,random3.txt,Rust,0.017555721,100000,random3.txt,546.7751452646121
C#,0.11354604,100000,random3.txt,Python,0.2445903063,100000,random3.txt,-53.577048200458464
C#,0.11354604,100000,random3.txt,Java,0.1539298265,100000,random3.txt,-26.235192631754185
C#,0.34553705,500000,random3.txt,Rust,0.0973473056,500000,random3.txt,254.95286476629508
C#,0.34553705,500000,random3.txt,Python,1.4753471851,500000,random3.txt,-76.57927208661877
C#,0.34553705,500000,random3.txt,Java,0.4568994433,500000,random3.txt,-24.373501638713854
C#,0.64514591,1000000,random3.txt,Rust,0.1853398479,1000000,random3.txt,248.0880756674021
C#,0.64514591,1000000,random3.txt,Python,3.0756306171,1000000,random3.txt,-79.02394694560864
C#,0.64514591,1000000,random3.txt,Java,0.9071449892,1000000,random3.txt,-28.881720377583054
Rust,1.49098e-05,100,random3.txt,Python,0.0001458645,100,random3.txt,-89.77832166154207
Rust,0.0001303941,1000,random3.txt,Python,0.0017585754,1000,random3.txt,-92.58524257760003
Rust,0.0015670049,10000,random3.txt,Python,0.0222806215,10000,random3.txt,-92.96696054910318
Rust,0.017555721,100000,random3.txt,Python,0.2445903063,100000,random3.txt,-92.82239706651858
Rust,0.0973473056,500000,random3.txt,Python,1.4753471851,500000,random3.txt,-93.40173576883181
Rust,0.1853398479,1000000,random3.txt,Python,3.0756306171,1000000,random3.txt,-93.97392369325689
Java,0.0013585701,100,random3.txt,Rust,1.49098e-05,100,random3.txt,9011.927054688862
Java,0.0013585701,100,random3.txt,Python,0.0001458645,100,random3.txt,831.3918739652211
Java,0.004269861,1000,random3.txt,Rust,0.0001303941,1000,random3.txt,3174.5814419517446
Java,0.004269861,1000,random3.txt,Python,0.0017585754,1000,random3.txt,142.802270519649
Java,0.0199418136,10000,random3.txt,Rust,0.0015670049,10000,random3.txt,1172.6069714268285
Java,0.0199418136,10000,random3.txt,Python,0.0222806215,10000,random3.txt,-10.497049644687873
Java,0.1539298265,100000,random3.txt,Rust,0.017555721,100000,random3.txt,776.8072043295745
Java,0.1539298265,100000,random3.txt,Python,0.2445903063,100000,random3.txt,-37.066260381064005
Java,0.4568994433,500000,random3.txt,Rust,0.0973473056,500000,random3.txt,369.3498607731368
Java,0.4568994433,500000,random3.txt,Python,1.4753471851,500000,random3.txt,-69.03105601756843
Java,0.9071449892,1000000,random3.txt,Rust,0.1853398479,1000000,random3.txt,389.4495163767748
Java,0.9071449892,1000000,random3.txt,Python,3.0756306171,1000000,random3.txt,-70.50539866015045
JavaScript,0.0004428443,100,random3.txt,Rust,1.49098e-05,100,random3.txt,2870.155870635421
JavaScript,0.0004428443,100,random3.txt,Python,0.0001458645,100,random3.txt,203.59977924717802
JavaScript,0.0004428443,100,random3.txt,Java,0.0013585701,100,random3.txt,-67.40364740840388
JavaScript,0.0019979724,1000,random3.txt,Rust,0.0001303941,1000,random3.txt,1432.2567508805996
JavaScript,0.0019979724,1000,random3.txt,Python,0.0017585754,1000,random3.txt,13.61312116614391
JavaScript,0.0019979724,1000,random3.txt,Java,0.004269861,1000,random3.txt,-53.20755406323532
JavaScript,0.0446706072,10000,random3.txt,Rust,0.0015670049,10000,random3.txt,2750.6999052778965
JavaScript,0.0446706072,10000,random3.txt,Python,0.0222806215,10000,random3.txt,100.49084896487288
JavaScript,0.0446706072,10000,random3.txt,Java,0.0199418136,10000,random3.txt,124.00473746279523
JavaScript,0.050661113,100000,random3.txt,Rust,0.017555721,100000,random3.txt,188.57324059775158
JavaScript,0.050661113,100000,random3.txt,Python,0.2445903063,100000,random3.txt,-79.28735861761336
JavaScript,0.050661113,100000,random3.txt,Java,0.1539298265,100000,random3.txt,-67.08817637756513
JavaScript,0.2175530435,500000,random3.txt,Rust,0.0973473056,500000,random3.txt,123.48131995961475
JavaScript,0.2175530435,500000,random3.txt,Python,1.4753471851,500000,random3.txt,-85.25411200176222
JavaScript,0.2175530435,500000,random3.txt,Java,0.4568994433,500000,random3.txt,-52.38491823743485
JavaScript,0.4326359418,1000000,random3.txt,Rust,0.1853398479,1000000,random3.txt,133.4284541084918
JavaScript,0.4326359418,1000000,random3.txt,Python,3.0756306171,1000000,random3.txt,-85.93342323377145
JavaScript,0.4326359418,1000000,random3.txt,Java,0.9071449892,1000000,random3.txt,-52.30796102599472
PHP,9.05752e-05,100,random3.txt,Rust,1.49098e-05,100,random3.txt,507.48769265851985
PHP,9.05752e-05,100,random3.txt,Python,0.0001458645,100,random3.txt,-37.90456211072605
PHP,0.0009664536,1000,random3.txt,Rust,0.0001303941,1000,random3.txt,641.178933709424
PHP,0.0009664536,1000,random3.txt,Python,0.0017585754,1000,random3.txt,-45.043379999515516
PHP,0.0113062859,10000,random3.txt,Rust,0.0015670049,10000,random3.txt,621.5220513988183
PHP,0.0113062859,10000,random3.txt,Python,0.0222806215,10000,random3.txt,-49.255069478201044
PHP,0.1268861771,100000,random3.txt,Rust,0.017555721,100000,random3.txt,622.7625518769637
PHP,0.1268861771,100000,random3.txt,Python,0.2445903063,100000,random3.txt,-48.12297387437386
PHP,0.7485224724,500000,random3.txt,Rust,0.0973473056,500000,random3.txt,668.9195584679849
PHP,0.7485224724,500000,random3.txt,Python,1.4753471851,500000,random3.txt,-49.26465580715059
PHP,1.4975292682,1000000,random3.txt,Rust,0.1853398479,1000000,random3.txt,707.9909879973524
PHP,1.4975292682,1000000,random3.txt,Python,3.0756306171,1000000,random3.txt,-51.309846511671985
C,1.34e-05,100,ascending.txt,Rust,8.192e-06,100,ascending.txt,63.57421875
C,1.34e-05,100,ascending.txt,Python,0.0001327753,100,ascending.txt,-89.9077614586448
C,0.0001486,1000,ascending.txt,Rust,5.75393e-05,1000,ascending.txt,158.25826869635188
C,0.0001486,1000,ascending.txt,Python,0.0015107632,1000,ascending.txt,-90.16391185594142
C,0.0016168,10000,ascending.txt,Rust,0.0006088424,10000,ascending.txt,165.5531217930946
C,0.0016168,10000,ascending.txt,Python,0.0180231333,10000,ascending.txt,-91.02930676321414
C,0.0196642,100000,ascending.txt,Rust,0.0067331164,100000,ascending.txt,192.05198353618243
C,0.0196642,100000,ascending.txt,Python,0.1993031502,100000,ascending.txt,-90.13352273646099
C,0.0867035,500000,ascending.txt,Rust,0.031253959,500000,ascending.txt,177.4160547148603
C,0.0867035,500000,ascending.txt,Python,1.0675813675,500000,ascending.txt,-91.87851131169165
C,0.1720759,1000000,ascending.txt,Rust,0.0712550786,1000000,ascending.txt,141.49282181831742
C,0.1720759,1000000,ascending.txt,Python,2.2304884195,1000000,ascending.txt,-92.28528162282173
C++,2.49887e-05,100,ascending.txt,Rust,8.192e-06,100,ascending.txt,205.037841796875
C++,2.49887e-05,100,ascending.txt,Python,0.0001327753,100,ascending.txt,-81.17970737027143
C++,2.49887e-05,100,ascending.txt,C,1.34e-05,100,ascending.txt,86.48283582089552
C++,0.0002254768,1000,ascending.txt,Rust,5.75393e-05,1000,ascending.txt,291.8657335073593
C++,0.0002254768,1000,ascending.txt,Python,0.0015107632,1000,ascending.txt,-85.07530498492419
C++,0.0002254768,1000,ascending.txt,C,0.0001486,1000,ascending.txt,51.73405114401076
C++,0.0025594275,10000,ascending.txt,Rust,0.0006088424,10000,ascending.txt,320.3760283449379
C++,0.0025594275,10000,ascending.txt,Python,0.0180231333,10000,ascending.txt,-85.79920895330669
C++,0.0025594275,10000,ascending.txt,C,0.0016168,10000,ascending.txt,58.30204725383474
C++,0.0279658293,100000,ascending.txt,Rust,0.0067331164,100000,ascending.txt,315.34748010594325
C++,0.0279658293,100000,ascending.txt,Python,0.1993031502,100000,ascending.txt,-85.96819504762651
C++,0.0279658293,100000,ascending.txt,C,0.0196642,100000,ascending.txt,42.2169694165031
C++,0.1467171101,500000,ascending.txt,Rust,0.031253959,500000,ascending.txt,369.4352805031836
C++,0.1467171101,500000,ascending.txt,Python,1.0675813675,500000,ascending.txt,-86.25705594285768
C++,0.1467171101,500000,ascending.txt,C,0.0867035,500000,ascending.txt,69.21705594353168
C++,0.3005064129,1000000,ascending.txt,Rust,0.0712550786,1000000,ascending.txt,321.7333259667474
C++,0.3005064129,1000000,ascending.txt,Python,2.2304884195,1000000,ascending.txt,-86.52732691760116
C++,0.3005064129,1000000,ascending.txt,C,0.1720759,1000000,ascending.txt,74.6359675585018
C#,0.03712531,100,ascending.txt,Rust,8.192e-06,100,ascending.txt,453089.8193359375
C#,0.03712531,100,ascending.txt,Python,0.0001327753,100,ascending.txt,27861.00630162387
C#,0.03712531,100,ascending.txt,Java,0.0013459926,100,ascending.txt,2658.2105577697826
C#,0.03853584,1000,ascending.txt,Rust,5.75393e-05,1000,ascending.txt,66873.07753135683
C#,0.03853584,1000,ascending.txt,Python,0.0015107632,1000,ascending.txt,2450.753155755978
C#,0.03853584,1000,ascending.txt,Java,0.0041828147,1000,ascending.txt,821.289676064302
C#,0.04019572,10000,ascending.txt,Rust,0.0006088424,10000,ascending.txt,6501.990925730534
C#,0.04019572,10000,ascending.txt,Python,0.0180231333,10000,ascending.txt,123.02293020270784
C#,0.04019572,10000,ascending.txt,Java,0.0140389996,10000,ascending.txt,186.31470293652546
C#,0.09124037,100000,ascending.txt,Rust,0.0067331164,100000,ascending.txt,1255.0986583270712
C#,0.09124037,100000,ascending.txt,Python,0.1993031502,100000,ascending.txt,-54.220307150970456
C#,0.09124037,100000,ascending.txt,Java,0.1155388882,100000,ascending.txt,-21.030597211510983
C#,0.24098503,500000,ascending.txt,Rust,0.031253959,500000,ascending.txt,671.054412658569
C#,0.24098503,500000,ascending.txt,Python,1.0675813675,500000,ascending.txt,-77.42701049903815
C#,0.24098503,500000,ascending.txt,Java,0.2812132623,500000,ascending.txt,-14.305240076865323
C#,0.41823151,1000000,ascending.txt,Rust,0.0712550786,1000000,ascending.txt,486.94975602763566
C#,0.41823151,1000000,ascending.txt,Python,2.2304884195,1000000,ascending.txt,-81.24933057963362
C#,0.41823151,1000000,ascending.txt,Java,0.5454335629,1000000,ascending.txt,-23.321273488137233
Rust,8.192e-06,100,ascending.txt,Python,0.0001327753,100,ascending.txt,-93.83017775143419
Rust,5.75393e-05,1000,ascending.txt,Python,0.0015107632,1000,ascending.txt,-96.19137532606037
Rust,0.0006088424,10000,ascending.txt,Python,0.0180231333,10000,ascending.txt,-96.6218837209621
Rust,0.0067331164,100000,ascending.txt,Python,0.1993031502,100000,ascending.txt,-96.62167086007254
Rust,0.031253959,500000,ascending.txt,Python,1.0675813675,500000,ascending.txt,-97.07245181009586
Rust,0.0712550786,1000000,ascending.txt,Python,2.2304884195,1000000,ascending.txt,-96.80540468280158
Java,0.0013459926,100,ascending.txt,Rust,8.192e-06,100,ascending.txt,16330.573730468752
Java,0.0013459926,100,ascending.txt,Python,0.0001327753,100,ascending.txt,913.7371935894704
Java,0.0041828147,1000,ascending.txt,Rust,5.75393e-05,1000,ascending.txt,7169.491808207607
Java,0.0041828147,1000,ascending.txt,Python,0.0015107632,1000,ascending.txt,176.86765867741545
Java,0.0140389996,10000,ascending.txt,Rust,0.0006088424,10000,ascending.txt,2205.8511693666537
Java,0.0140389996,10000,ascending.txt,Python,0.0180231333,10000,ascending.txt,-22.105666277239383
Java,0.1155388882,100000,ascending.txt,Rust,0.0067331164,100000,ascending.txt,1615.979367295655
Java,0.1155388882,100000,ascending.txt,Python,0.1993031502,100000,ascending.txt,-42.02856899950797
Java,0.2812132623,500000,ascending.txt,Rust,0.031253959,500000,ascending.txt,799.7684494946704
Java,0.2812132623,500000,ascending.txt,Python,1.0675813675,500000,ascending.txt,-73.65884504349033
Java,0.5454335629,1000000,ascending.txt,Rust,0.0712550786,1000000,ascending.txt,665.4662286766462
Java,0.5454335629,1000000,ascending.txt,Python,2.2304884195,1000000,ascending.txt,-75.54645170396053
JavaScript,0.0004196918,100,ascending.txt,Rust,8.192e-06,100,ascending.txt,5023.190917968749
JavaScript,0.0004196918,100,ascending.txt,Python,0.0001327753,100,ascending.txt,216.09177309333884
JavaScript,0.0004196918,100,ascending.txt,Java,0.0013459926,100,ascending.txt,-68.81915992703081
JavaScript,0.0018351946,1000,ascending.txt,Rust,5.75393e-05,1000,ascending.txt,3089.4628540840786
JavaScript,0.0018351946,1000,ascending.txt,Python,0.0015107632,1000,ascending.txt,21.474669226785505
JavaScript,0.0018351946,1000,ascending.txt,Java,0.0041828147,1000,ascending.txt,-56.125366968802126
JavaScript,0.0446979972,10000,ascending.txt,Rust,0.0006088424,10000,ascending.txt,7241.472473007793
JavaScript,0.0446979972,10000,ascending.txt,Python,0.0180231333,10000,ascending.txt,148.00347673176225
JavaScript,0.0446979972,10000,ascending.txt,Java,0.0140389996,10000,ascending.txt,218.38448944752446
JavaScript,0.0396205781,100000,ascending.txt,Rust,0.0067331164,100000,ascending.txt,488.4433855918486
JavaScript,0.0396205781,100000,ascending.txt,Python,0.1993031502,100000,ascending.txt,-80.12044563257486
JavaScript,0.0396205781,100000,ascending.txt,Java,0.1155388882,100000,ascending.txt,-65.70801509582121
JavaScript,0.1465912842,500000,ascending.txt,Rust,0.031253959,500000,ascending.txt,369.0326886267433
JavaScript,0.1465912842,500000,ascending.txt,Python,1.0675813675,500000,ascending.txt,-86.26884201404911
JavaScript,0.1465912842,500000,ascending.txt,Java,0.2812132623,500000,ascending.txt,-47.87184537420019
JavaScript,0.3167796752,1000000,ascending.txt,Rust,0.0712550786,1000000,ascending.txt,344.57136448937973
JavaScript,0.3167796752,1000000,ascending.txt,Python,2.2304884195,1000000,ascending.txt,-85.79774400841717
JavaScript,0.3167796752,1000000,ascending.txt,Java,0.5454335629,1000000,ascending.txt,-41.921492048321475
PHP,7.75337e-05,100,ascending.txt,Rust,8.192e-06,100,ascending.txt,846.4562988281248
PHP,7.75337e-05,100,ascending.txt,Python,0.0001327753,100,ascending.txt,-41.60532870194984
PHP,0.0007508993,1000,ascending.txt,Rust,5.75393e-05,1000,ascending.txt,1205.019873373503
PHP,0.0007508993,1000,ascending.txt,Python,0.0015107632,1000,ascending.txt,-50.296691102880985
PHP,0.0091351032,10000,ascending.txt,Rust,0.0006088424,10000,ascending.txt,1400.405228019599
PHP,0.0091351032,10000,ascending.txt,Python,0.0180231333,10000,ascending.txt,-49.314566740734264
PHP,0.0977776766,100000,ascending.txt,Rust,0.0067331164,100000,ascending.txt,1352.190498295856
PHP,0.0977776766,100000,ascending.txt,Python,0.1993031502,100000,ascending.txt,-50.94022522881326
PHP,0.5459552288,500000,ascending.txt,Rust,0.031253959,500000,ascending.txt,1646.8354290731615
PHP,0.5459552288,500000,ascending.txt,Python,1.0675813675,500000,ascending.txt,-48.86055101556463
PHP,1.1184967279,1000000,ascending.txt,Rust,0.0712550786,1000000,ascending.txt,1469.7080823934425
PHP,1.1184967279,1000000,ascending.txt,Python,2.2304884195,1000000,ascending.txt,-49.854179106174016
C,1.34e-05,100,descending.txt,Rust,7.637e-06,100,descending.txt,75.46156867880059
C,1.34e-05,100,descending.txt,Python,0.0001450539,100,descending.txt,-90.76205465692408
C,0.0001409,1000,descending.txt,Rust,5.28898e-05,1000,descending.txt,166.4029737302845
C,0.0001409,1000,descending.txt,Python,0.0014257193,1000,descending.txt,-90.11726922683869
C,0.0016903,10000,descending.txt,Rust,0.0005947611,10000,descending.txt,184.19814275008906
C,0.0016903,10000,descending.txt,Python,0.0182408094,10000,descending.txt,-90.73341559064808
C,0.0211579,100000,descending.txt,Rust,0.0068002546,100000,descending.txt,211.1339390145775
C,0.0211579,100000,descending.txt,Python,0.1917636156,100000,descending.txt,-88.96667653360619
C,0.084473,500000,descending.txt,Rust,0.0310043455,500000,descending.txt,172.4553562983615
C,0.084473,500000,descending.txt,Python,1.039632678,500000,descending.txt,-91.87472635407099
C,0.1701672,1000000,descending.txt,Rust,0.0606660287,1000000,descending.txt,180.4983343173739
C,0.1701672,1000000,descending.txt,Python,2.1701918125,1000000,descending.txt,-92.15888664679957
C++,2.36894e-05,100,descending.txt,Rust,7.637e-06,100,descending.txt,210.19248395967006
C++,2.36894e-05,100,descending.txt,Python,0.0001450539,100,descending.txt,-83.66855355147294
C++,2.36894e-05,100,descending.txt,C,1.34e-05,100,descending.txt,76.7865671641791
C++,0.0002236351,1000,descending.txt,Rust,5.28898e-05,1000,descending.txt,322.8321907059584
C++,0.0002236351,1000,descending.txt,Python,0.0014257193,1000,descending.txt,-84.31422651008512
C++,0.0002236351,1000,descending.txt,C,0.0001409,1000,descending.txt,58.71902058197303
C++,0.0025728399,10000,descending.txt,Rust,0.0005947611,10000,descending.txt,332.5837550572826
C++,0.0025728399,10000,descending.txt,Python,0.0182408094,10000,descending.txt,-85.89514399509048
C++,0.0025728399,10000,descending.txt,C,0.0016903,10000,descending.txt,52.21202745074838
C++,0.0274389752,100000,descending.txt,Rust,0.0068002546,100000,descending.txt,303.49923369045626
C++,0.0274389752,100000,descending.txt,Python,0.1917636156,100000,descending.txt,-85.69125059821829
C++,0.0274389752,100000,descending.txt,C,0.0211579,100000,descending.txt,29.686666446102873
C++,0.1490367793,500000,descending.txt,Rust,0.0310043455,500000,descending.txt,380.69642140970205
C++,0.1490367793,500000,descending.txt,Python,1.039632678,500000,descending.txt,-85.66447722798493
C++,0.1490367793,500000,descending.txt,C,0.084473,500000,descending.txt,76.43126123139938
C++,0.2920748852,1000000,descending.txt,Rust,0.0606660287,1000000,descending.txt,381.4471813283536
C++,0.2920748852,1000000,descending.txt,Python,2.1701918125,1000000,descending.txt,-86.54151750468831
C++,0.2920748852,1000000,descending.txt,C,0.1701672,1000000,descending.txt,71.63994306775926
C#,0.03733743,100,descending.txt,Rust,7.637e-06,100,descending.txt,488801.79389812757
C#,0.03733743,100,descending.txt,Python,0.0001450539,100,descending.txt,25640.383402307692
C#,0.03733743,100,descending.txt,Java,0.0014199809,100,descending.txt,2529.4318465832885
C#,0.03753169,1000,descending.txt,Rust,5.28898e-05,1000,descending.txt,70862.05695616167
C#,0.03753169,1000,descending.txt,Python,0.0014257193,1000,descending.txt,2532.4740080322963
C#,0.03753169,1000,descending.txt,Java,0.0041117092,1000,descending.txt,812.8002048393888
C#,0.04131486,10000,descending.txt,Rust,0.0005947611,10000,descending.txt,6846.463042051674
C#,0.04131486,10000,descending.txt,Python,0.0182408094,10000,descending.txt,126.4968570967032
C#,0.04131486,10000,descending.txt,Java,0.0171367463,10000,descending.txt,141.0892900947014
C#,0.0888566,100000,descending.txt,Rust,0.0068002546,100000,descending.txt,1206.665782778192
C#,0.0888566,100000,descending.txt,Python,0.1917636156,100000,descending.txt,-53.66347274899837
C#,0.0888566,100000,descending.txt,Java,0.1230957484,100000,descending.txt,-27.815053602614924
C#,0.24124983,500000,descending.txt,Rust,0.0310043455,500000,descending.txt,678.1161837459205
C#,0.24124983,500000,descending.txt,Python,1.039632678,500000,descending.txt,-76.79470498521594
C#,0.24124983,500000,descending.txt,Java,0.2859248634,500000,descending.txt,-15.624745910082336
C#,0.42391082,1000000,descending.txt,Rust,0.0606660287,1000000,descending.txt,598.7614470304037
C#,0.42391082,1000000,descending.txt,Python,2.1701918125,1000000,descending.txt,-80.46666577772834
C#,0.42391082,1000000,descending.txt,Java,0.4983045416,1000000,descending.txt,-14.92936856668616
Rust,7.637e-06,100,descending.txt,Python,0.0001450539,100,descending.txt,-94.73506055335292
Rust,5.28898e-05,1000,descending.txt,Python,0.0014257193,1000,descending.txt,-96.29030763629278
Rust,0.0005947611,10000,descending.txt,Python,0.0182408094,10000,descending.txt,-96.7393930446968
Rust,0.0068002546,100000,descending.txt,Python,0.1917636156,100000,descending.txt,-96.4538348013918
Rust,0.0310043455,500000,descending.txt,Python,1.039632678,500000,descending.txt,-97.01775962259624
Rust,0.0606660287,1000000,descending.txt,Python,2.1701918125,1000000,descending.txt,-97.20457757002988
Java,0.0014199809,100,descending.txt,Rust,7.637e-06,100,descending.txt,18493.43852298023
Java,0.0014199809,100,descending.txt,Python,0.0001450539,100,descending.txt,878.933279284459
Java,0.0041117092,1000,descending.txt,Rust,5.28898e-05,1000,descending.txt,7674.106160356061
Java,0.0041117092,1000,descending.txt,Python,0.0014257193,1000,descending.txt,188.39542257722115
Java,0.0171367463,10000,descending.txt,Rust,0.0005947611,10000,descending.txt,2781.2822997334556
Java,0.0171367463,10000,descending.txt,Python,0.0182408094,10000,descending.txt,-6.052708932970926
Java,0.1230957484,100000,descending.txt,Rust,0.0068002546,100000,descending.txt,1710.1638194546422
Java,0.1230957484,100000,descending.txt,Python,0.1917636156,100000,descending.txt,-35.808600596702554
Java,0.2859248634,500000,descending.txt,Rust,0.0310043455,500000,descending.txt,822.2089961550713
Java,0.2859248634,500000,descending.txt,Python,1.039632678,500000,descending.txt,-72.4975109526136
Java,0.4983045416,1000000,descending.txt,Rust,0.0606660287,1000000,descending.txt,721.3897502079282
Java,0.4983045416,1000000,descending.txt,Python,2.1701918125,1000000,descending.txt,-77.03868668521207
JavaScript,0.0004095739,100,descending.txt,Rust,7.637e-06,100,descending.txt,5263.020819693597
JavaScript,0.0004095739,100,descending.txt,Python,0.0001450539,100,descending.txt,182.35979866794344
JavaScript,0.0004095739,100,descending.txt,Java,0.0014199809,100,descending.txt,-71.15637963862753
JavaScript,0.0018318722,1000,descending.txt,Rust,5.28898e-05,1000,descending.txt,3363.5642411202157
JavaScript,0.0018318722,1000,descending.txt,Python,0.0014257193,1000,descending.txt,28.4875781649305
JavaScript,0.0018318722,1000,descending.txt,Java,0.0041117092,1000,descending.txt,-55.44742804281976
JavaScript,0.0437552804,10000,descending.txt,Rust,0.0005947611,10000,descending.txt,7256.782479553554
JavaScript,0.0437552804,10000,descending.txt,Python,0.0182408094,10000,descending.txt,139.87576121485048
JavaScript,0.0437552804,10000,descending.txt,Java,0.0171367463,10000,descending.txt,155.33015214212514
JavaScript,0.0411099141,100000,descending.txt,Rust,0.0068002546,100000,descending.txt,504.53492579527835
JavaScript,0.0411099141,100000,descending.txt,Python,0.1917636156,100000,descending.txt,-78.56219284801594
JavaScript,0.0411099141,100000,descending.txt,Java,0.1230957484,100000,descending.txt,-66.60330301058555
JavaScript,0.1434513676,500000,descending.txt,Rust,0.0310043455,500000,descending.txt,362.68148959957887
JavaScript,0.1434513676,500000,descending.txt,Python,1.039632678,500000,descending.txt,-86.20172579838818
JavaScript,0.1434513676,500000,descending.txt,Java,0.2859248634,500000,descending.txt,-49.82899846687485
JavaScript,0.3170366441,1000000,descending.txt,Rust,0.0606660287,1000000,descending.txt,422.5933704475368
JavaScript,0.3170366441,1000000,descending.txt,Python,2.1701918125,1000000,descending.txt,-85.39130770497275
JavaScript,0.3170366441,1000000,descending.txt,Java,0.4983045416,1000000,descending.txt,-36.37693064525744
PHP,7.5388e-05,100,descending.txt,Rust,7.637e-06,100,descending.txt,887.1415477281656
PHP,7.5388e-05,100,descending.txt,Python,0.0001450539,100,descending.txt,-48.02759525941736
PHP,0.0007318258,1000,descending.txt,Rust,5.28898e-05,1000,descending.txt,1283.6804071862628
PHP,0.0007318258,1000,descending.txt,Python,0.0014257193,1000,descending.txt,-48.669713596498276
PHP,0.0089915991,10000,descending.txt,Rust,0.0005947611,10000,descending.txt,1411.8001328600676
PHP,0.0089915991,10000,descending.txt,Python,0.0182408094,10000,descending.txt,-50.706139717681594
PHP,0.0990457773,100000,descending.txt,Rust,0.0068002546,100000,descending.txt,1356.501015417864
PHP,0.0990457773,100000,descending.txt,Python,0.1917636156,100000,descending.txt,-48.3500678738767
PHP,0.5467173576,500000,descending.txt,Rust,0.0310043455,500000,descending.txt,1663.3571964936334
PHP,0.5467173576,500000,descending.txt,Python,1.039632678,500000,descending.txt,-47.41244968831194
PHP,1.1118406057,1000000,descending.txt,Rust,0.0606660287,1000000,descending.txt,1732.7235679100916
PHP,1.1118406057,1000000,descending.txt,Python,2.1701918125,1000000,descending.txt,-48.767634303292716
C,1.6e-05,100,nearly_sorted_ascending.txt,Rust,1.00039e-05,100,nearly_sorted_ascending.txt,59.93762432651266
C,1.6e-05,100,nearly_sorted_ascending.txt,Python,0.0001442432,100,nearly_sorted_ascending.txt,-88.90762268169313
C,0.0001652,1000,nearly_sorted_ascending.txt,Rust,6.72206e-05,1000,nearly_sorted_ascending.txt,145.757996804551
C,0.0001652,1000,nearly_sorted_ascending.txt,Python,0.001624012,1000,nearly_sorted_ascending.txt,-89.8276613719603
C,0.0019544,10000,nearly_sorted_ascending.txt,Rust,0.0007554019,10000,nearly_sorted_ascending.txt,158.72320416456455
C,0.0019544,10000,nearly_sorted_ascending.txt,Python,0.0198753119,10000,nearly_sorted_ascending.txt,-90.16669519535944
C,0.0221391,100000,nearly_sorted_ascending.txt,Rust,0.0077118697,100000,nearly_sorted_ascending.txt,187.07824251750515
C,0.0221391,100000,nearly_sorted_ascending.txt,Python,0.2192527771,100000,nearly_sorted_ascending.txt,-89.9024768156517
C,0.0969078,500000,nearly_sorted_ascending.txt,Rust,0.0408731221,500000,nearly_sorted_ascending.txt,137.0941954541809
C,0.0969078,500000,nearly_sorted_ascending.txt,Python,1.1980957985,500000,nearly_sorted_ascending.txt,-91.9115149121358
C,0.1961741,1000000,nearly_sorted_ascending.txt,Rust,0.0833617675,1000000,nearly_sorted_ascending.txt,135.32862352036858
C,0.1961741,1000000,nearly_sorted_ascending.txt,Python,2.4829577208,1000000,nearly_sorted_ascending.txt,-92.09917678595053
C++,2.55475e-05,100,nearly_sorted_ascending.txt,Rust,1.00039e-05,100,nearly_sorted_ascending.txt,155.37540359259887
C++,2.55475e-05,100,nearly_sorted_ascending.txt,Python,0.0001442432,100,nearly_sorted_ascending.txt,-82.28859315378472
C++,2.55475e-05,100,nearly_sorted_ascending.txt,C,1.6e-05,100,nearly_sorted_ascending.txt,59.671875
C++,0.0002518192,1000,nearly_sorted_ascending.txt,Rust,6.72206e-05,1000,nearly_sorted_ascending.txt,274.6161147029334
C++,0.0002518192,1000,nearly_sorted_ascending.txt,Python,0.001624012,1000,nearly_sorted_ascending.txt,-84.49400620192462
C++,0.0002518192,1000,nearly_sorted_ascending.txt,C,0.0001652,1000,nearly_sorted_ascending.txt,52.432929782082304
C++,0.0028727886,10000,nearly_sorted_ascending.txt,Rust,0.0007554019,10000,nearly_sorted_ascending.txt,280.29936117449535
C++,0.0028727886,10000,nearly_sorted_ascending.txt,Python,0.0198753119,10000,nearly_sorted_ascending.txt,-85.54594456452278
C++,0.0028727886,10000,nearly_sorted_ascending.txt,C,0.0019544,10000,nearly_sorted_ascending.txt,46.99082071223907
C++,0.0324416091,100000,nearly_sorted_ascending.txt,Rust,0.0077118697,100000,nearly_sorted_ascending.txt,320.6711259657304
C++,0.0324416091,100000,nearly_sorted_ascending.txt,Python,0.2192527771,100000,nearly_sorted_ascending.txt,-85.20355840911262
C++,0.0324416091,100000,nearly_sorted_ascending.txt,C,0.0221391,100000,nearly_sorted_ascending.txt,46.53535645080423
C++,0.1707878434,500000,nearly_sorted_ascending.txt,Rust,0.0408731221,500000,nearly_sorted_ascending.txt,317.8487833206165
C++,0.1707878434,500000,nearly_sorted_ascending.txt,Python,1.1980957985,500000,nearly_sorted_ascending.txt,-85.74505948407263
C++,0.1707878434,500000,nearly_sorted_ascending.txt,C,0.0969078,500000,nearly_sorted_ascending.txt,76.23745807870986
C++,0.3396138143,1000000,nearly_sorted_ascending.txt,Rust,0.0833617675,1000000,nearly_sorted_ascending.txt,307.39756903546936
C++,0.3396138143,1000000,nearly_sorted_ascending.txt,Python,2.4829577208,1000000,nearly_sorted_ascending.txt,-86.32220712197316
C++,0.3396138143,1000000,nearly_sorted_ascending.txt,C,0.1961741,1000000,nearly_sorted_ascending.txt,73.11857900711664
C#,0.03715584,100,nearly_sorted_ascending.txt,Rust,1.00039e-05,100,nearly_sorted_ascending.txt,371313.5487160008
C#,0.03715584,100,nearly_sorted_ascending.txt,Python,0.0001442432,100,nearly_sorted_ascending.txt,25659.162303664925
C#,0.03715584,100,nearly_sorted_ascending.txt,Java,0.0013014376,100,nearly_sorted_ascending.txt,2754.9843649822324
C#,0.03683196,1000,nearly_sorted_ascending.txt,Rust,6.72206e-05,1000,nearly_sorted_ascending.txt,54692.66772388225
C#,0.03683196,1000,nearly_sorted_ascending.txt,Python,0.001624012,1000,nearly_sorted_ascending.txt,2167.961074179255
C#,0.03683196,1000,nearly_sorted_ascending.txt,Java,0.0041382405,1000,nearly_sorted_ascending.txt,790.0391361981013
C#,0.04107659,10000,nearly_sorted_ascending.txt,Rust,0.0007554019,10000,nearly_sorted_ascending.txt,5337.71335497038
C#,0.04107659,10000,nearly_sorted_ascending.txt,Python,0.0198753119,10000,nearly_sorted_ascending.txt,106.6714233551223
C#,0.04107659,10000,nearly_sorted_ascending.txt,Java,0.0139047823,10000,nearly_sorted_ascending.txt,195.4133988850728
C#,0.09302042,100000,nearly_sorted_ascending.txt,Rust,0.0077118697,100000,nearly_sorted_ascending.txt,1106.1980248447403
C#,0.09302042,100000,nearly_sorted_ascending.txt,Python,0.2192527771,100000,nearly_sorted_ascending.txt,-57.573892002483554
C#,0.09302042,100000,nearly_sorted_ascending.txt,Java,0.162368241,100000,nearly_sorted_ascending.txt,-42.710212645587504
C#,0.26923389,500000,nearly_sorted_ascending.txt,Rust,0.0408731221,500000,nearly_sorted_ascending.txt,558.7064461121751
C#,0.26923389,500000,nearly_sorted_ascending.txt,Python,1.1980957985,500000,nearly_sorted_ascending.txt,-77.52818344433916
C#,0.26923389,500000,nearly_sorted_ascending.txt,Java,0.3719482306,500000,nearly_sorted_ascending.txt,-27.615224955986122
C#,0.47301674,1000000,nearly_sorted_ascending.txt,Rust,0.0833617675,1000000,nearly_sorted_ascending.txt,467.4264764119834
C#,0.47301674,1000000,nearly_sorted_ascending.txt,Python,2.4829577208,1000000,nearly_sorted_ascending.txt,-80.9494645826029
C#,0.47301674,1000000,nearly_sorted_ascending.txt,Java,0.7020397993,1000000,nearly_sorted_ascending.txt,-32.622517915417
Rust,1.00039e-05,100,nearly_sorted_ascending.txt,Python,0.0001442432,100,nearly_sorted_ascending.txt,-93.06456040908687
Rust,6.72206e-05,1000,nearly_sorted_ascending.txt,Python,0.001624012,1000,nearly_sorted_ascending.txt,-95.86083107760287
Rust,0.0007554019,10000,nearly_sorted_ascending.txt,Python,0.0198753119,10000,nearly_sorted_ascending.txt,-96.19929536803897
Rust,0.0077118697,100000,nearly_sorted_ascending.txt,Python,0.2192527771,100000,nearly_sorted_ascending.txt,-96.48265814371753
Rust,0.0408731221,500000,nearly_sorted_ascending.txt,Python,1.1980957985,500000,nearly_sorted_ascending.txt,-96.58849299436885
Rust,0.0833617675,1000000,nearly_sorted_ascending.txt,Python,2.4829577208,1000000,nearly_sorted_ascending.txt,-96.64264249037873
Java,0.0013014376,100,nearly_sorted_ascending.txt,Rust,1.00039e-05,100,nearly_sorted_ascending.txt,12909.30237207489
Java,0.0013014376,100,nearly_sorted_ascending.txt,Python,0.0001442432,100,nearly_sorted_ascending.txt,802.2523072144824
Java,0.0041382405,1000,nearly_sorted_ascending.txt,Rust,6.72206e-05,1000,nearly_sorted_ascending.txt,6056.2088109894885
Java,0.0041382405,1000,nearly_sorted_ascending.txt,Python,0.001624012,1000,nearly_sorted_ascending.txt,154.81588190235047
Java,0.0139047823,10000,nearly_sorted_ascending.txt,Rust,0.0007554019,10000,nearly_sorted_ascending.txt,1740.7131753309066
Java,0.0139047823,10000,nearly_sorted_ascending.txt,Python,0.0198753119,10000,nearly_sorted_ascending.txt,-30.039929084081447
Java,0.162368241,100000,nearly_sorted_ascending.txt,Rust,0.0077118697,100000,nearly_sorted_ascending.txt,2005.4328887325464
Java,0.162368241,100000,nearly_sorted_ascending.txt,Python,0.2192527771,100000,nearly_sorted_ascending.txt,-25.944727748673063
Java,0.3719482306,500000,nearly_sorted_ascending.txt,Rust,0.0408731221,500000,nearly_sorted_ascending.txt,810.0068981517808
Java,0.3719482306,500000,nearly_sorted_ascending.txt,Python,1.1980957985,500000,nearly_sorted_ascending.txt,-68.95505091782526
Java,0.7020397993,1000000,nearly_sorted_ascending.txt,Rust,0.0833617675,1000000,nearly_sorted_ascending.txt,742.1604056080025
Java,0.7020397993,1000000,nearly_sorted_ascending.txt,Python,2.4829577208,1000000,nearly_sorted_ascending.txt,-71.72566437926275
JavaScript,0.0005289664,100,nearly_sorted_ascending.txt,Rust,1.00039e-05,100,nearly_sorted_ascending.txt,5187.60183528424
JavaScript,0.0005289664,100,nearly_sorted_ascending.txt,Python,0.0001442432,100,nearly_sorted_ascending.txt,266.7184310941521
JavaScript,0.0005289664,100,nearly_sorted_ascending.txt,Java,0.0013014376,100,nearly_sorted_ascending.txt,-59.355223792519894
JavaScript,0.0019543203,1000,nearly_sorted_ascending.txt,Rust,6.72206e-05,1000,nearly_sorted_ascending.txt,2807.3234990464234
JavaScript,0.0019543203,1000,nearly_sorted_ascending.txt,Python,0.001624012,1000,nearly_sorted_ascending.txt,20.33903074607823
JavaScript,0.0019543203,1000,nearly_sorted_ascending.txt,Java,0.0041382405,1000,nearly_sorted_ascending.txt,-52.774124655152356
JavaScript,0.0440490272,10000,nearly_sorted_ascending.txt,Rust,0.0007554019,10000,nearly_sorted_ascending.txt,5731.204184156804
JavaScript,0.0440490272,10000,nearly_sorted_ascending.txt,Python,0.0198753119,10000,nearly_sorted_ascending.txt,121.6268475263525
JavaScript,0.0440490272,10000,nearly_sorted_ascending.txt,Java,0.0139047823,10000,nearly_sorted_ascending.txt,216.7904843788888
JavaScript,0.0429823284,100000,nearly_sorted_ascending.txt,Rust,0.0077118697,100000,nearly_sorted_ascending.txt,457.3528868103152
JavaScript,0.0429823284,100000,nearly_sorted_ascending.txt,Python,0.2192527771,100000,nearly_sorted_ascending.txt,-80.39599362502214
JavaScript,0.0429823284,100000,nearly_sorted_ascending.txt,Java,0.162368241,100000,nearly_sorted_ascending.txt,-73.52787211632108
JavaScript,0.1534855974,500000,nearly_sorted_ascending.txt,Rust,0.0408731221,500000,nearly_sorted_ascending.txt,275.5171846781923
JavaScript,0.1534855974,500000,nearly_sorted_ascending.txt,Python,1.1980957985,500000,nearly_sorted_ascending.txt,-87.1892049373546
JavaScript,0.1534855974,500000,nearly_sorted_ascending.txt,Java,0.3719482306,500000,nearly_sorted_ascending.txt,-58.73468811710486
JavaScript,0.3365081115,1000000,nearly_sorted_ascending.txt,Rust,0.0833617675,1000000,nearly_sorted_ascending.txt,303.6719968779452
JavaScript,0.3365081115,1000000,nearly_sorted_ascending.txt,Python,2.4829577208,1000000,nearly_sorted_ascending.txt,-86.44728789858014
JavaScript,0.3365081115,1000000,nearly_sorted_ascending.txt,Java,0.7020397993,1000000,nearly_sorted_ascending.txt,-52.06708909729472
PHP,8.18729e-05,100,nearly_sorted_ascending.txt,Rust,1.00039e-05,100,nearly_sorted_ascending.txt,718.4098201701337
PHP,8.18729e-05,100,nearly_sorted_ascending.txt,Python,0.0001442432,100,nearly_sorted_ascending.txt,-43.23968131599965
PHP,0.0008197784,1000,nearly_sorted_ascending.txt,Rust,6.72206e-05,1000,nearly_sorted_ascending.txt,1119.5344879397092
PHP,0.0008197784,1000,nearly_sorted_ascending.txt,Python,0.001624012,1000,nearly_sorted_ascending.txt,-49.521407477284654
PHP,0.0098902225,10000,nearly_sorted_ascending.txt,Rust,0.0007554019,10000,nearly_sorted_ascending.txt,1209.2662991713416
PHP,0.0098902225,10000,nearly_sorted_ascending.txt,Python,0.0198753119,10000,nearly_sorted_ascending.txt,-50.238655122690176
PHP,0.1115674019,100000,nearly_sorted_ascending.txt,Rust,0.0077118697,100000,nearly_sorted_ascending.txt,1346.6971855087231
PHP,0.1115674019,100000,nearly_sorted_ascending.txt,Python,0.2192527771,100000,nearly_sorted_ascending.txt,-49.114714360441276
PHP,0.6120652914,500000,nearly_sorted_ascending.txt,Rust,0.0408731221,500000,nearly_sorted_ascending.txt,1397.4762385474828
PHP,0.6120652914,500000,nearly_sorted_ascending.txt,Python,1.1980957985,500000,nearly_sorted_ascending.txt,-48.913493214290746
PHP,1.2767816544,1000000,nearly_sorted_ascending.txt,Rust,0.0833617675,1000000,nearly_sorted_ascending.txt,1431.6153827952362
PHP,1.2767816544,1000000,nearly_sorted_ascending.txt,Python,2.4829577208,1000000,nearly_sorted_ascending.txt,-48.57819592720953
C,1.37e-05,100,nearly_sorted_descending.txt,Rust,8.2378e-06,100,nearly_sorted_descending.txt,66.30653815339048
C,1.37e-05,100,nearly_sorted_descending.txt,Python,0.0001379967,100,nearly_sorted_descending.txt,-90.07222636483336
C,0.0001642,1000,nearly_sorted_descending.txt,Rust,6.58459e-05,1000,nearly_sorted_descending.txt,149.37012023527663
C,0.0001642,1000,nearly_sorted_descending.txt,Python,0.0015419483,1000,nearly_sorted_descending.txt,-89.35113453544454
C,0.0017804,10000,nearly_sorted_descending.txt,Rust,0.000702342,10000,nearly_sorted_descending.txt,153.49473618265742
C,0.0017804,10000,nearly_sorted_descending.txt,Python,0.0193075895,10000,nearly_sorted_descending.txt,-90.77875568050584
C,0.0250788,100000,nearly_sorted_descending.txt,Rust,0.0080665792,100000,nearly_sorted_descending.txt,210.89758593084906
C,0.0250788,100000,nearly_sorted_descending.txt,Python,0.2156317949,100000,nearly_sorted_descending.txt,-88.36961867723153
C,0.0952184,500000,nearly_sorted_descending.txt,Rust,0.0397915374,500000,nearly_sorted_descending.txt,139.2930915004053
C,0.0952184,500000,nearly_sorted_descending.txt,Python,1.1974351883,500000,nearly_sorted_descending.txt,-92.04813747496583
C,0.2046511,1000000,nearly_sorted_descending.txt,Rust,0.0837607441,1000000,nearly_sorted_descending.txt,144.3281780730981
C,0.2046511,1000000,nearly_sorted_descending.txt,Python,2.6042131186,1000000,nearly_sorted_descending.txt,-92.14153793565028
C++,2.60637e-05,100,nearly_sorted_descending.txt,Rust,8.2378e-06,100,nearly_sorted_descending.txt,216.39151229697254
C++,2.60637e-05,100,nearly_sorted_descending.txt,Python,0.0001379967,100,nearly_sorted_descending.txt,-81.11280921935091
C++,2.60637e-05,100,nearly_sorted_descending.txt,C,1.37e-05,100,nearly_sorted_descending.txt,90.24598540145986
C++,0.00024123,1000,nearly_sorted_descending.txt,Rust,6.58459e-05,1000,nearly_sorted_descending.txt,266.3553843139816
C++,0.00024123,1000,nearly_sorted_descending.txt,Python,0.0015419483,1000,nearly_sorted_descending.txt,-84.35550660161563
C++,0.00024123,1000,nearly_sorted_descending.txt,C,0.0001642,1000,nearly_sorted_descending.txt,46.912302070645545
C++,0.0027806559,10000,nearly_sorted_descending.txt,Rust,0.000702342,10000,nearly_sorted_descending.txt,295.91194887960563
C++,0.0027806559,10000,nearly_sorted_descending.txt,Python,0.0193075895,10000,nearly_sorted_descending.txt,-85.5981198481561
C++,0.0027806559,10000,nearly_sorted_descending.txt,C,0.0017804,10000,nearly_sorted_descending.txt,56.181526623230724
C++,0.031762201,100000,nearly_sorted_descending.txt,Rust,0.0080665792,100000,nearly_sorted_descending.txt,293.7505628160199
C++,0.031762201,100000,nearly_sorted_descending.txt,Python,0.2156317949,100000,nearly_sorted_descending.txt,-85.27016805906113
C++,0.031762201,100000,nearly_sorted_descending.txt,C,0.0250788,100000,nearly_sorted_descending.txt,26.64960444678373
C++,0.1647075958,500000,nearly_sorted_descending.txt,Rust,0.0397915374,500000,nearly_sorted_descending.txt,313.92619275876484
C++,0.1647075958,500000,nearly_sorted_descending.txt,Python,1.1974351883,500000,nearly_sorted_descending.txt,-86.24496779371955
C++,0.1647075958,500000,nearly_sorted_descending.txt,C,0.0952184,500000,nearly_sorted_descending.txt,72.97874759500264
C++,0.3654643237,1000000,nearly_sorted_descending.txt,Rust,0.0837607441,1000000,nearly_sorted_descending.txt,336.31933744962987
C++,0.3654643237,1000000,nearly_sorted_descending.txt,Python,2.6042131186,1000000,nearly_sorted_descending.txt,-85.96642029449303
C++,0.3654643237,1000000,nearly_sorted_descending.txt,C,0.2046511,1000000,nearly_sorted_descending.txt,78.57921296294033
C#,0.03787133,100,nearly_sorted_descending.txt,Rust,8.2378e-06,100,nearly_sorted_descending.txt,459626.26186603226
C#,0.03787133,100,nearly_sorted_descending.txt,Python,0.0001379967,100,nearly_sorted_descending.txt,27343.649014795283
C#,0.03787133,100,nearly_sorted_descending.txt,Java,0.0013344423,100,nearly_sorted_descending.txt,2737.989323330053
C#,0.0373479,1000,nearly_sorted_descending.txt,Rust,6.58459e-05,1000,nearly_sorted_descending.txt,56620.16025295424
C#,0.0373479,1000,nearly_sorted_descending.txt,Python,0.0015419483,1000,nearly_sorted_descending.txt,2322.1240102537813
C#,0.0373479,1000,nearly_sorted_descending.txt,Java,0.0040988616,1000,nearly_sorted_descending.txt,811.1773864235864
C#,0.04220255,10000,nearly_sorted_descending.txt,Rust,0.000702342,10000,nearly_sorted_descending.txt,5908.831879625594
C#,0.04220255,10000,nearly_sorted_descending.txt,Python,0.0193075895,10000,nearly_sorted_descending.txt,118.5801080968704
C#,0.04220255,10000,nearly_sorted_descending.txt,Java,0.0141435501,10000,nearly_sorted_descending.txt,198.3872486158903
C#,0.09241935,100000,nearly_sorted_descending.txt,Rust,0.0080665792,100000,nearly_sorted_descending.txt,1045.7068443585108
C#,0.09241935,100000,nearly_sorted_descending.txt,Python,0.2156317949,100000,nearly_sorted_descending.txt,-57.140202796688776
C#,0.09241935,100000,nearly_sorted_descending.txt,Java,0.1554844058,100000,nearly_sorted_descending.txt,-40.56037354712006
C#,0.26693556,500000,nearly_sorted_descending.txt,Rust,0.0397915374,500000,nearly_sorted_descending.txt,570.8350002078583
C#,0.26693556,500000,nearly_sorted_descending.txt,Python,1.1974351883,500000,nearly_sorted_descending.txt,-77.70772375756147
C#,0.26693556,500000,nearly_sorted_descending.txt,Java,0.3602895221,500000,nearly_sorted_descending.txt,-25.910817932165443
C#,0.48385186,1000000,nearly_sorted_descending.txt,Rust,0.0837607441,1000000,nearly_sorted_descending.txt,477.659457540564
C#,0.48385186,1000000,nearly_sorted_descending.txt,Python,2.6042131186,1000000,nearly_sorted_descending.txt,-81.4204199900462
C#,0.48385186,1000000,nearly_sorted_descending.txt,Java,0.6416799153,1000000,nearly_sorted_descending.txt,-24.5960722062201
Rust,8.2378e-06,100,nearly_sorted_descending.txt,Python,0.0001379967,100,nearly_sorted_descending.txt,-94.03043695972441
Rust,6.58459e-05,1000,nearly_sorted_descending.txt,Python,0.0015419483,1000,nearly_sorted_descending.txt,-95.7296946985836
Rust,0.000702342,10000,nearly_sorted_descending.txt,Python,0.0193075895,10000,nearly_sorted_descending.txt,-96.36235274216908
Rust,0.0080665792,100000,nearly_sorted_descending.txt,Python,0.2156317949,100000,nearly_sorted_descending.txt,-96.25909564786542
Rust,0.0397915374,500000,nearly_sorted_descending.txt,Python,1.1974351883,500000,nearly_sorted_descending.txt,-96.67693602219157
Rust,0.0837607441,1000000,nearly_sorted_descending.txt,Python,2.6042131186,1000000,nearly_sorted_descending.txt,-96.78364479843228
Java,0.0013344423,100,nearly_sorted_descending.txt,Rust,8.2378e-06,100,nearly_sorted_descending.txt,16099.013086018113
Java,0.0013344423,100,nearly_sorted_descending.txt,Python,0.0001379967,100,nearly_sorted_descending.txt,867.0102980723451
Java,0.0040988616,1000,nearly_sorted_descending.txt,Rust,6.58459e-05,1000,nearly_sorted_descending.txt,6124.930633494265
Java,0.0040988616,1000,nearly_sorted_descending.txt,Python,0.0015419483,1000,nearly_sorted_descending.txt,165.82354285159883
Java,0.0141435501,10000,nearly_sorted_descending.txt,Rust,0.000702342,10000,nearly_sorted_descending.txt,1913.7696592258476
Java,0.0141435501,10000,nearly_sorted_descending.txt,Python,0.0193075895,10000,nearly_sorted_descending.txt,-26.74616321213997
Java,0.1554844058,100000,nearly_sorted_descending.txt,Rust,0.0080665792,100000,nearly_sorted_descending.txt,1827.5135338657556
Java,0.1554844058,100000,nearly_sorted_descending.txt,Python,0.2156317949,100000,nearly_sorted_descending.txt,-27.89356232363301
Java,0.3602895221,500000,nearly_sorted_descending.txt,Rust,0.0397915374,500000,nearly_sorted_descending.txt,805.4425780995333
Java,0.3602895221,500000,nearly_sorted_descending.txt,Python,1.1974351883,500000,nearly_sorted_descending.txt,-69.91156384743434
Java,0.6416799153,1000000,nearly_sorted_descending.txt,Rust,0.0837607441,1000000,nearly_sorted_descending.txt,666.0866939456905
Java,0.6416799153,1000000,nearly_sorted_descending.txt,Python,2.6042131186,1000000,nearly_sorted_descending.txt,-75.3599307707596
JavaScript,0.000433334,100,nearly_sorted_descending.txt,Rust,8.2378e-06,100,nearly_sorted_descending.txt,5160.312219281847
JavaScript,0.000433334,100,nearly_sorted_descending.txt,Python,0.0001379967,100,nearly_sorted_descending.txt,214.01765404535035
JavaScript,0.000433334,100,nearly_sorted_descending.txt,Java,0.0013344423,100,nearly_sorted_descending.txt,-67.52695864032488
JavaScript,0.0019199229,1000,nearly_sorted_descending.txt,Rust,6.58459e-05,1000,nearly_sorted_descending.txt,2815.7820000941592
JavaScript,0.0019199229,1000,nearly_sorted_descending.txt,Python,0.0015419483,1000,nearly_sorted_descending.txt,24.512793327765927
JavaScript,0.0019199229,1000,nearly_sorted_descending.txt,Java,0.0040988616,1000,nearly_sorted_descending.txt,-53.159606560026326
JavaScript,0.043338838,10000,nearly_sorted_descending.txt,Rust,0.000702342,10000,nearly_sorted_descending.txt,6070.617448479515
JavaScript,0.043338838,10000,nearly_sorted_descending.txt,Python,0.0193075895,10000,nearly_sorted_descending.txt,124.46529640585118
JavaScript,0.043338838,10000,nearly_sorted_descending.txt,Java,0.0141435501,10000,nearly_sorted_descending.txt,206.42121457186335
JavaScript,0.0425564981,100000,nearly_sorted_descending.txt,Rust,0.0080665792,100000,nearly_sorted_descending.txt,427.56561418252727
JavaScript,0.0425564981,100000,nearly_sorted_descending.txt,Python,0.2156317949,100000,nearly_sorted_descending.txt,-80.26427497868033
JavaScript,0.0425564981,100000,nearly_sorted_descending.txt,Java,0.1554844058,100000,nearly_sorted_descending.txt,-72.62973229949469
JavaScript,0.1538787574,500000,nearly_sorted_descending.txt,Rust,0.0397915374,500000,nearly_sorted_descending.txt,286.71226962947156
JavaScript,0.1538787574,500000,nearly_sorted_descending.txt,Python,1.1974351883,500000,nearly_sorted_descending.txt,-87.14930387017758
JavaScript,0.1538787574,500000,nearly_sorted_descending.txt,Java,0.3602895221,500000,nearly_sorted_descending.txt,-57.290249102140066
JavaScript,0.3441185523,1000000,nearly_sorted_descending.txt,Rust,0.0837607441,1000000,nearly_sorted_descending.txt,310.83511852421566
JavaScript,0.3441185523,1000000,nearly_sorted_descending.txt,Python,2.6042131186,1000000,nearly_sorted_descending.txt,-86.78608329547949
JavaScript,0.3441185523,1000000,nearly_sorted_descending.txt,Java,0.6416799153,1000000,nearly_sorted_descending.txt,-46.37224197065344
PHP,8.95023e-05,100,nearly_sorted_descending.txt,Rust,8.2378e-06,100,nearly_sorted_descending.txt,986.4830415887739
PHP,8.95023e-05,100,nearly_sorted_descending.txt,Python,0.0001379967,100,nearly_sorted_descending.txt,-35.14170991045438
PHP,0.000793314,1000,nearly_sorted_descending.txt,Rust,6.58459e-05,1000,nearly_sorted_descending.txt,1104.8039437535217
PHP,0.000793314,1000,nearly_sorted_descending.txt,Python,0.0015419483,1000,nearly_sorted_descending.txt,-48.551193318219546
PHP,0.0100398541,10000,nearly_sorted_descending.txt,Rust,0.000702342,10000,nearly_sorted_descending.txt,1329.4822323027813
PHP,0.0100398541,10000,nearly_sorted_descending.txt,Python,0.0193075895,10000,nearly_sorted_descending.txt,-48.0004787754577
PHP,0.1074639559,100000,nearly_sorted_descending.txt,Rust,0.0080665792,100000,nearly_sorted_descending.txt,1232.2122455575718
PHP,0.1074639559,100000,nearly_sorted_descending.txt,Python,0.2156317949,100000,nearly_sorted_descending.txt,-50.16321412626705
PHP,0.6214585066,500000,nearly_sorted_descending.txt,Rust,0.0397915374,500000,nearly_sorted_descending.txt,1461.785613742082
PHP,0.6214585066,500000,nearly_sorted_descending.txt,Python,1.1974351883,500000,nearly_sorted_descending.txt,-48.10086485914237
PHP,1.3264656067,1000000,nearly_sorted_descending.txt,Rust,0.0837607441,1000000,nearly_sorted_descending.txt,1483.6363692237067
PHP,1.3264656067,1000000,nearly_sorted_descending.txt,Python,2.6042131186,1000000,nearly_sorted_descending.txt,-49.06462926455515
